{"assets/address.png":["assets/address.png"],"assets/app_icon.png":["assets/app_icon.png"],"assets/app_icon_white.png":["assets/app_icon_white.png"],"assets/bottom_menu_1.png":["assets/bottom_menu_1.png"],"assets/bottom_menu_2.png":["assets/bottom_menu_2.png"],"assets/bottom_menu_3.png":["assets/bottom_menu_3.png"],"assets/bottom_menu_4.png":["assets/bottom_menu_4.png"],"assets/cart.png":["assets/cart.png"],"assets/cart1.png":["assets/cart1.png"],"assets/cloth.png":["assets/cloth.png"],"assets/grid.png":["assets/grid.png"],"assets/help.png":["assets/help.png"],"assets/img_item.jpg":["assets/img_item.jpg"],"assets/img_new_arrival.png":["assets/img_new_arrival.png"],"assets/img_new_arrival_1.png":["assets/img_new_arrival_1.png"],"assets/img_new_collection.png":["assets/img_new_collection.png"],"assets/img_outfit_collection.png":["assets/img_outfit_collection.png"],"assets/img_twenty_off.png":["assets/img_twenty_off.png"],"assets/list.png":["assets/list.png"],"assets/menu.png":["assets/menu.png"],"assets/my_orders.png":["assets/my_orders.png"],"assets/notifications.png":["assets/notifications.png"],"assets/outfit.png":["assets/outfit.png"],"assets/payment_method.png":["assets/payment_method.png"],"assets/profile.png":["assets/profile.png"],"assets/profile1.png":["assets/profile1.png"],"assets/refresh.png":["assets/refresh.png"],"assets/saved_item.png":["assets/saved_item.png"],"assets/sign_out.png":["assets/sign_out.png"],"assets/tokery.png":["assets/tokery.png"],"packages/cupertino_icons/assets/CupertinoIcons.ttf":["packages/cupertino_icons/assets/CupertinoIcons.ttf"]}